{
  "01_Home_Page-1" : {
    "transaction" : "01_Home_Page-1",
    "sampleCount" : 100,
    "errorCount" : 0,
    "errorPct" : 0.0,
    "meanResTime" : 90.33000000000006,
    "medianResTime" : 93.0,
    "minResTime" : 3.0,
    "maxResTime" : 183.0,
    "pct1ResTime" : 161.0,
    "pct2ResTime" : 174.0,
    "pct3ResTime" : 182.98,
    "throughput" : 497.5124378109453,
    "receivedKBytesPerSec" : 700.1127176616915,
    "sentKBytesPerSec" : 244.38840951492537
  },
  "05_Checkout" : {
    "transaction" : "05_Checkout",
    "sampleCount" : 100,
    "errorCount" : 0,
    "errorPct" : 0.0,
    "meanResTime" : 203.9000000000001,
    "medianResTime" : 195.5,
    "minResTime" : 112.0,
    "maxResTime" : 280.0,
    "pct1ResTime" : 260.6,
    "pct2ResTime" : 273.79999999999995,
    "pct3ResTime" : 279.99,
    "throughput" : 285.7142857142857,
    "receivedKBytesPerSec" : 1311.6127232142858,
    "sentKBytesPerSec" : 151.25558035714286
  },
  "01_Home_Page-0" : {
    "transaction" : "01_Home_Page-0",
    "sampleCount" : 100,
    "errorCount" : 0,
    "errorPct" : 0.0,
    "meanResTime" : 245.81000000000003,
    "medianResTime" : 306.5,
    "minResTime" : 4.0,
    "maxResTime" : 383.0,
    "pct1ResTime" : 382.0,
    "pct2ResTime" : 383.0,
    "pct3ResTime" : 383.0,
    "throughput" : 171.52658662092622,
    "receivedKBytesPerSec" : 26.46601629502573,
    "sentKBytesPerSec" : 83.93579813464838
  },
  "02_Login" : {
    "transaction" : "02_Login",
    "sampleCount" : 100,
    "errorCount" : 0,
    "errorPct" : 0.0,
    "meanResTime" : 108.09999999999997,
    "medianResTime" : 108.5,
    "minResTime" : 27.0,
    "maxResTime" : 173.0,
    "pct1ResTime" : 159.10000000000005,
    "pct2ResTime" : 169.95,
    "pct3ResTime" : 172.96999999999997,
    "throughput" : 409.8360655737705,
    "receivedKBytesPerSec" : 2259.701588114754,
    "sentKBytesPerSec" : 211.029553022541
  },
  "Total" : {
    "transaction" : "Total",
    "sampleCount" : 1000,
    "errorCount" : 0,
    "errorPct" : 0.0,
    "meanResTime" : 151.9330000000001,
    "medianResTime" : 126.5,
    "minResTime" : 1.0,
    "maxResTime" : 592.0,
    "pct1ResTime" : 374.0,
    "pct2ResTime" : 405.6999999999996,
    "pct3ResTime" : 560.8800000000001,
    "throughput" : 60.69434328720563,
    "receivedKBytesPerSec" : 154.86944077749453,
    "sentKBytesPerSec" : 36.823507013990046
  },
  "01_Home_Page" : {
    "transaction" : "01_Home_Page",
    "sampleCount" : 100,
    "errorCount" : 0,
    "errorPct" : 0.0,
    "meanResTime" : 355.71000000000004,
    "medianResTime" : 403.0,
    "minResTime" : 14.0,
    "maxResTime" : 592.0,
    "pct1ResTime" : 559.8000000000001,
    "pct2ResTime" : 572.9,
    "pct3ResTime" : 591.98,
    "throughput" : 168.0672268907563,
    "receivedKBytesPerSec" : 262.44091386554624,
    "sentKBytesPerSec" : 164.80107668067228
  },
  "06_Signout-0" : {
    "transaction" : "06_Signout-0",
    "sampleCount" : 100,
    "errorCount" : 0,
    "errorPct" : 0.0,
    "meanResTime" : 12.789999999999997,
    "medianResTime" : 4.0,
    "minResTime" : 1.0,
    "maxResTime" : 129.0,
    "pct1ResTime" : 34.900000000000006,
    "pct2ResTime" : 60.74999999999994,
    "pct3ResTime" : 128.73999999999987,
    "throughput" : 335.5704697986577,
    "receivedKBytesPerSec" : 51.777474832214764,
    "sentKBytesPerSec" : 166.20241715604027
  },
  "04_View_Product" : {
    "transaction" : "04_View_Product",
    "sampleCount" : 100,
    "errorCount" : 0,
    "errorPct" : 0.0,
    "meanResTime" : 239.3,
    "medianResTime" : 233.5,
    "minResTime" : 166.0,
    "maxResTime" : 297.0,
    "pct1ResTime" : 282.9,
    "pct2ResTime" : 293.0,
    "pct3ResTime" : 297.0,
    "throughput" : 303.951367781155,
    "receivedKBytesPerSec" : 1428.3339665653496,
    "sentKBytesPerSec" : 166.86455167173253
  },
  "06_Signout" : {
    "transaction" : "06_Signout",
    "sampleCount" : 100,
    "errorCount" : 0,
    "errorPct" : 0.0,
    "meanResTime" : 55.870000000000005,
    "medianResTime" : 48.0,
    "minResTime" : 3.0,
    "maxResTime" : 163.0,
    "pct1ResTime" : 146.0,
    "pct2ResTime" : 154.89999999999998,
    "pct3ResTime" : 162.99,
    "throughput" : 301.20481927710847,
    "receivedKBytesPerSec" : 470.3383847891566,
    "sentKBytesPerSec" : 298.6722279743976
  },
  "03_Login(GET sign - in form)" : {
    "transaction" : "03_Login(GET sign - in form)",
    "sampleCount" : 100,
    "errorCount" : 0,
    "errorPct" : 0.0,
    "meanResTime" : 164.6,
    "medianResTime" : 175.0,
    "minResTime" : 80.0,
    "maxResTime" : 239.0,
    "pct1ResTime" : 216.9,
    "pct2ResTime" : 220.89999999999998,
    "pct3ResTime" : 238.82999999999993,
    "throughput" : 363.6363636363636,
    "receivedKBytesPerSec" : 1624.2400568181818,
    "sentKBytesPerSec" : 192.5213068181818
  },
  "06_Signout-1" : {
    "transaction" : "06_Signout-1",
    "sampleCount" : 100,
    "errorCount" : 0,
    "errorPct" : 0.0,
    "meanResTime" : 42.91999999999998,
    "medianResTime" : 42.0,
    "minResTime" : 2.0,
    "maxResTime" : 153.0,
    "pct1ResTime" : 112.0,
    "pct2ResTime" : 126.74999999999994,
    "pct3ResTime" : 152.95,
    "throughput" : 303.951367781155,
    "receivedKBytesPerSec" : 427.728438449848,
    "sentKBytesPerSec" : 150.85367591185408
  }
}