{
  "01_Home_Page-1" : {
    "transaction" : "01_Home_Page-1",
    "sampleCount" : 192,
    "errorCount" : 0,
    "errorPct" : 0.0,
    "meanResTime" : 115.18750000000003,
    "medianResTime" : 114.5,
    "minResTime" : 33.0,
    "maxResTime" : 206.0,
    "pct1ResTime" : 168.70000000000002,
    "pct2ResTime" : 181.7,
    "pct3ResTime" : 205.07,
    "throughput" : 817.0212765957447,
    "receivedKBytesPerSec" : 1149.7340425531916,
    "sentKBytesPerSec" : 404.26363031914894
  },
  "05_Checkout" : {
    "transaction" : "05_Checkout",
    "sampleCount" : 200,
    "errorCount" : 0,
    "errorPct" : 0.0,
    "meanResTime" : 177.98500000000007,
    "medianResTime" : 175.0,
    "minResTime" : 52.0,
    "maxResTime" : 343.0,
    "pct1ResTime" : 282.8,
    "pct2ResTime" : 301.0,
    "pct3ResTime" : 333.9000000000001,
    "throughput" : 268.4563758389262,
    "receivedKBytesPerSec" : 1232.4874161073826,
    "sentKBytesPerSec" : 142.38412332214764
  },
  "01_Home_Page-0" : {
    "transaction" : "01_Home_Page-0",
    "sampleCount" : 192,
    "errorCount" : 0,
    "errorPct" : 0.0,
    "meanResTime" : 408.6718750000002,
    "medianResTime" : 517.5,
    "minResTime" : 7.0,
    "maxResTime" : 585.0,
    "pct1ResTime" : 554.7,
    "pct2ResTime" : 568.7,
    "pct3ResTime" : 581.28,
    "throughput" : 270.042194092827,
    "receivedKBytesPerSec" : 41.66666666666667,
    "sentKBytesPerSec" : 132.26035073839662
  },
  "02_Login" : {
    "transaction" : "02_Login",
    "sampleCount" : 200,
    "errorCount" : 0,
    "errorPct" : 0.0,
    "meanResTime" : 120.10499999999999,
    "medianResTime" : 103.5,
    "minResTime" : 17.0,
    "maxResTime" : 294.0,
    "pct1ResTime" : 240.9,
    "pct2ResTime" : 249.0,
    "pct3ResTime" : 288.82000000000016,
    "throughput" : 408.9979550102249,
    "receivedKBytesPerSec" : 2255.080521472393,
    "sentKBytesPerSec" : 211.74431237218815
  },
  "Total" : {
    "transaction" : "Total",
    "sampleCount" : 1984,
    "errorCount" : 8,
    "errorPct" : 0.4032258,
    "meanResTime" : 173.29435483870932,
    "medianResTime" : 107.0,
    "minResTime" : 1.0,
    "maxResTime" : 764.0,
    "pct1ResTime" : 539.0,
    "pct2ResTime" : 613.75,
    "pct3ResTime" : 731.1500000000001,
    "throughput" : 119.57569913211185,
    "receivedKBytesPerSec" : 307.3098339937922,
    "sentKBytesPerSec" : 72.36915522164297
  },
  "01_Home_Page" : {
    "transaction" : "01_Home_Page",
    "sampleCount" : 200,
    "errorCount" : 8,
    "errorPct" : 4.0,
    "meanResTime" : 531.2600000000002,
    "medianResTime" : 613.0,
    "minResTime" : 17.0,
    "maxResTime" : 764.0,
    "pct1ResTime" : 730.8,
    "pct2ResTime" : 738.95,
    "pct3ResTime" : 758.97,
    "throughput" : 253.80710659898475,
    "receivedKBytesPerSec" : 406.5474302030457,
    "sentKBytesPerSec" : 239.89728743654823
  },
  "06_Signout-0" : {
    "transaction" : "06_Signout-0",
    "sampleCount" : 200,
    "errorCount" : 0,
    "errorPct" : 0.0,
    "meanResTime" : 7.010000000000001,
    "medianResTime" : 5.0,
    "minResTime" : 1.0,
    "maxResTime" : 164.0,
    "pct1ResTime" : 11.0,
    "pct2ResTime" : 14.949999999999989,
    "pct3ResTime" : 82.52000000000044,
    "throughput" : 280.50490883590464,
    "receivedKBytesPerSec" : 43.281030855539974,
    "sentKBytesPerSec" : 139.19371274544181
  },
  "04_View_Product" : {
    "transaction" : "04_View_Product",
    "sampleCount" : 200,
    "errorCount" : 0,
    "errorPct" : 0.0,
    "meanResTime" : 199.80999999999997,
    "medianResTime" : 232.0,
    "minResTime" : 32.0,
    "maxResTime" : 335.0,
    "pct1ResTime" : 303.0,
    "pct2ResTime" : 318.0,
    "pct3ResTime" : 327.98,
    "throughput" : 290.27576197387515,
    "receivedKBytesPerSec" : 1364.0693033381713,
    "sentKBytesPerSec" : 159.3511883164006
  },
  "06_Signout" : {
    "transaction" : "06_Signout",
    "sampleCount" : 200,
    "errorCount" : 0,
    "errorPct" : 0.0,
    "meanResTime" : 46.54000000000002,
    "medianResTime" : 25.0,
    "minResTime" : 4.0,
    "maxResTime" : 174.0,
    "pct1ResTime" : 114.0,
    "pct2ResTime" : 132.95,
    "pct3ResTime" : 166.94000000000005,
    "throughput" : 263.1578947368421,
    "receivedKBytesPerSec" : 410.9272203947368,
    "sentKBytesPerSec" : 261.4270662006579
  },
  "03_Login(GET sign - in form)" : {
    "transaction" : "03_Login(GET sign - in form)",
    "sampleCount" : 200,
    "errorCount" : 0,
    "errorPct" : 0.0,
    "meanResTime" : 94.06500000000003,
    "medianResTime" : 86.0,
    "minResTime" : 18.0,
    "maxResTime" : 260.0,
    "pct1ResTime" : 152.0,
    "pct2ResTime" : 163.84999999999997,
    "pct3ResTime" : 205.8900000000001,
    "throughput" : 432.9004329004329,
    "receivedKBytesPerSec" : 1933.59797754329,
    "sentKBytesPerSec" : 229.19837324134198
  },
  "06_Signout-1" : {
    "transaction" : "06_Signout-1",
    "sampleCount" : 200,
    "errorCount" : 0,
    "errorPct" : 0.0,
    "meanResTime" : 39.4,
    "medianResTime" : 16.0,
    "minResTime" : 2.0,
    "maxResTime" : 170.0,
    "pct1ResTime" : 109.80000000000001,
    "pct2ResTime" : 125.69999999999993,
    "pct3ResTime" : 157.84000000000015,
    "throughput" : 263.85224274406335,
    "receivedKBytesPerSec" : 371.2998845646438,
    "sentKBytesPerSec" : 131.18661362137203
  }
}